,District,School Code,School Name,number,score,vote
0,Alameda City Unified,1,District Students in NPS,466,19.7210300429,0.643058547424
1,San Diego Unified,3733508,La Jolla High,1225,69.4130612245,0.643146674673
2,Modesto City High,110593,James C. Enochs High,1398,55.9020028612,0.503361941726
3,Winters Joint Unified,5738505,Winters High,226,53.1460176991,0.646812957158
4,Holtville Unified,1335306,Holtville High,31,70.8387096774,0.586666666667
5,Apple Valley Unified,3630423,Apple Valley High,1222,46.8453355155,0.412444444444
6,Simi Valley Unified,5630249,Monte Vista,74,40.7027027027,0.502965372106
7,Ferndale Unified,1232909,Ferndale High,83,48.0843373494,0.414024975985
8,Oakdale Joint Unified,5031950,East Stanislaus High,30,3.16666666667,0.381089459699
9,Hemet Unified,3330065,Alessandro High,150,9.74,0.467771639042
10,Redlands Unified,118802,Citrus Valley High,1045,50.4,0.455927591103
11,Dixon Unified,4832259,Dixon High,715,52.5986013986,0.670484122853
12,Fillmore Unified,5632021,Fillmore Senior High,109,62.1743119266,0.614634146341
13,Coronado Unified,3731478,Coronado High,1179,65.925360475,0.631088082902
14,Liberty Union High,730457,Freedom High,1275,51.4235294118,0.567729804007
15,Shasta Union High,4530200,Pioneer Continuation High,49,4.22448979592,0.35168792198
16,West Contra Costa Unified,732164,De Anza Senior High,69,46.3768115942,0.8259762309
17,Bret Harte Union High,532507,Bret Harte Union High,704,50.328125,0.348512011474
18,Ojai Unified,5634076,Nordhoff High,690,50.6333333333,0.733727810651
19,San Marcos Unified,3737632,San Marcos High,1402,74.9964336662,0.556289356474
20,Garden Grove Unified,3032752,Garden Grove High,431,44.8584686775,0.646146252027
21,Corona-Norco Unified,110627,Eleanor Roosevelt High,991,47.6104944501,0.469943247562
22,San Jose Unified,4330502,Liberty High (Alternative,16,0.0,0.723253757737
23,Shasta Union High,4530218,Freedom High,13,15.0,0.35168792198
24,Riverside Unified,3336237,Polytechnic High,1429,48.4723582925,0.55196454629
25,Sweetwater Union High,3731502,San Ysidro High,12,67.0,0.653173965448
26,Porterville Unified,5430624,"Citrus High, Cont.",24,8.0,0.288544358312
27,North Monterey County Unified,2730034,North Monterey County High,277,37.8628158845,0.724327897752
28,Center Joint Unified,3430451,"McClellan High, Cont.",26,15.0,0.514728477984
29,Clovis Unified,1030196,Clovis West High,1434,67.0676429568,0.410257742673
30,Chaffey Joint Union High,3631157,Colony High,315,47.1904761905,0.584564584732
31,Windsor Unified,4930228,Windsor High,1206,51.0854063018,0.690663417876
32,Poway Unified,118935,Del Norte High,1366,58.5021961933,0.480098943108
33,Murrieta Valley Unified,118794,Murrieta Mesa High,1488,56.5490591398,0.551023137622
34,San Diego Unified,3730371,San Diego SCPA,209,68.3301435407,0.639748894279
35,Rim of the World Unified,3635265,Rim of the World Senior High,1153,44.8291413703,0.416916018352
36,Lake Elsinore Unified,3330115,Ortega High,15,13.0,0.418744769874
37,Murrieta Valley Unified,100420,Vista Murrieta High,1718,56.8474970896,0.408031308491
38,Davis Joint Unified,6066245,Emerson (Ralph Waldo) Jr. High,181,83.9447513812,0.521778584392
39,Santa Ana Unified,108365,Segerstrom High,47,82.7446808511,0.673099513341
40,Vista Unified,3730785,Palomar High Independent Stud,14,57.0,0.523737297133
41,Poway Unified,3731528,Westview High,1675,61.8220895522,0.590174713507
42,Tulare Joint Union High,5435466,Tulare Western High,418,45.9043062201,0.509095204347
43,Fremont Unified,135244,Mission San Jose High,276,75.2572463768,0.766219839142
44,Elk Grove Unified,3430477,Florin High,130,35.5230769231,0.724257282954
45,Grossmont Union High,3731536,Grossmont Middle College,51,70.2352941176,0.515335113302
46,Muroc Joint Unified,1531987,Desert Junior-Senior High,290,45.9344827586,0.289198606272
47,West Contra Costa Unified,735316,Pinole Valley High,337,30.2492581602,0.820333432569
48,Corona-Norco Unified,3334232,Norco High,1517,48.762030323,0.521374277896
49,Los Banos Unified,120923,Pacheco High,206,43.7524271845,0.609182058047
50,Simi Valley Unified,5636188,Simi Valley High,1986,49.6263846928,0.510060259422
51,San Juan Unified,3430493,Bella Vista High,2050,66.9912195122,0.486412512219
52,El Dorado Union High,930149,"Independent Learning Ctr., Alt",70,24.1428571429,0.376518218623
53,Hanford Joint Union High,1634401,Hanford High,679,39.4197349043,0.41235459286
54,Los Gatos-Saratoga Joint Union High,4337762,Saratoga High,642,69.6152647975,0.764052462527
55,Simi Valley Unified,5635008,Royal High,1773,47.7986463621,0.502965372106
56,Desert Sands Unified,118885,Shadow Hills High,213,54.5399061033,0.680439104503
57,Tulare Joint Union High,5435409,Tulare Union High,672,55.4107142857,0.509095204347
58,Berkeley Unified,131177,Berkeley High,1388,64.2312680115,0.95595970901
59,San Benito High,3537008,San Benito High,1252,48.7220447284,0.630313644324
60,Oxnard Union High,5630066,"Frontier High, Cont.",18,17.0,0.562587476419
61,Laguna Beach Unified,3033206,Laguna Beach High,1170,73.188034188,0.55997588909
62,Capistrano Unified,3038569,Dana Hills High,2508,69.1451355662,0.456465596753
63,Grossmont Union High,3734548,Monte Vista High,394,47.2944162437,0.567637598284
64,Modesto City High,5030010,Beyer (Fred C.) High,1106,46.9240506329,0.503361941726
65,Perris Union High,3330172,"Perris Lake High, Cont.",21,19.0,0.599527085125
66,Lodi Unified,3930237,Bear Creek High,515,54.1766990291,0.613983375582
67,Santa Paula Union High,5635776,Santa Paula High,70,57.0857142857,0.691237192231
68,Placentia-Yorba Linda Unified,6119556,Parkview,26,61.1538461538,0.503782332845
69,Shasta Union High,4530309,North State Independence High,131,21.3511450382,0.35168792198
70,Kern Union High,125062,Tierra Del Sol Continuation Hi,12,17.0,0.568197553658
71,Hanford Joint Union High,118919,Sierra Pacific High,382,48.9397905759,0.41235459286
72,Modesto City High,121129,Gregori High,868,39.2995391705,0.624695161083
73,Azusa Unified,1933449,Gladstone High,21,38.0,0.461583577713
74,South Monterey County Joint Union High,2732170,King City High,107,73.6168224299,0.708883025506
75,Sacramento City Unified,3434636,Johnson (Hiram W.) High,95,39.7368421053,0.797459584296
76,North Monterey County Unified,2730125,North Monterey County Ctr,16,44.0,0.638313875535
77,Fresno Unified,1030287,Young Academic Center,166,13.9759036145,0.770626242545
78,Fortuna Union High,108688,Academy of the Redwoods,176,66.4318181818,0.516473887136
79,Escalon Unified,3932308,Escalon High,662,42.0196374622,0.38561479177
80,Fontana Unified,3633302,Fontana High,75,49.3466666667,0.767511394713
81,Hayward Unified,135319,Mt. Eden High,130,42.9692307692,0.805712270804
82,Alvord Unified,3334299,Norte Vista High,167,39.6526946108,0.641564318035
83,Conejo Valley Unified,5630108,"Conejo Valley High, Cont.",47,19.3404255319,0.493549203137
84,Tamalpais Union High,2130078,Tamiscal High (Alternative),82,70.5487804878,0.758831277691
85,Elk Grove Unified,116897,Cosumnes Oaks High,850,55.9411764706,0.635654169855
86,Anaheim Union High,3033115,John F. Kennedy High,789,66.6108998733,0.620361429163
87,Fullerton Joint Union High,3037348,Sunny Hills High,584,66.470890411,0.634521880065
88,Banning Unified,3330214,Banning High,181,22.6629834254,0.449500318945
89,Plumas Unified,3236007,Quincy Junior/Senior High,187,60.0320855615,0.579813250333
90,San Juan Unified,3436714,Rio Americano High,1567,58.3573707722,0.613832853026
91,San Juan Unified,3431111,Casa Roble Fundamental High,1582,43.4058154235,0.442007644589
92,Simi Valley Unified,5630322,Santa Susana High,1194,63.3793969849,0.510060259422
93,Pittsburg Unified,735407,Pittsburg Senior High,252,38.2341269841,0.811901646119
94,San Mateo Union High,4133070,Hillsdale High,643,62.2612752722,0.779979830754
95,Delano Joint Union High,100529,Cesar E. Chavez High,26,92.1538461538,0.800452147702
96,Oak Park Unified,5630132,Oak Park High,1613,78.9107253565,0.679618001047
97,Salinas Union High,2730166,Everett Alvarez High,234,45.094017094,0.766725159026
98,Natomas Unified,3430584,Natomas High,100,47.08,0.638572425017
99,San Leandro Unified,137588,San Leandro High,385,35.561038961,0.737482842991
100,Tracy Joint Unified,3930302,Merrill F. West High,608,43.40625,0.628774661119
101,Jefferson Union High,4135075,Oceana High,138,61.768115942,0.814388961892
102,Elk Grove Unified,3430592,Laguna Creek High,499,48.4368737475,0.669520992267
103,Fresno County Office of Education,1030337,Fresno County Court,11,10.0,0.604175194433
104,San Diego Unified,3733698,Madison High,377,36.0265251989,0.604657849339
105,Hughson Unified,5032651,Hughson High,536,59.0858208955,0.390536723164
106,Stanislaus County Office of Education,5030085,John B. Allard,136,2.86764705882,0.616432613708
107,Sierra Sands Unified,1530054,Mesquite Cont. High,57,15.7192982456,0.31420233463
108,Yucaipa-Calimesa Joint Unified,3633351,Green Valley High,33,6.36363636364,0.383247817085
109,Sweetwater Union High,3730124,Southwest Senior High,12,58.0,0.653173965448
110,Brawley Union High,1331404,Brawley High,224,61.4955357143,0.697323900338
111,Soledad Unified,2730190,Soledad High,13,46.0,0.819921302369
112,Turlock Unified,5036884,"Roselawn High, Cont.",34,0.0,0.616432613708
113,Shasta County Office of Education,118992,Magnolia Independent Learning,29,13.8620689655,0.35168792198
114,Elk Grove Unified,108753,Pleasant Grove High,1403,71.2786885246,0.53358802929
115,Kern Union High,1530385,Ridgeview High,515,42.1514563107,0.441355674029
116,Placer Union High,3135704,Placer High,1272,47.3011006289,0.466746794872
117,Elk Grove Unified,3430618,Sheldon High,826,49.0847457627,0.599445599446
118,Hemet Unified,106716,Hamilton High,255,45.8509803922,0.306974190005
119,Placer Union High,3132453,Del Oro High,2001,65.8155922039,0.406476190476
120,Patterson Joint Unified,5036256,Patterson High,368,45.339673913,0.577589023195
121,Dos Palos Oro Loma Joint Unified,2431203,Dos Palos High,146,43.8356164384,0.372367312553
122,Surprise Valley Joint Unified,2537702,Surprise Valley High,13,46.0,0.266339869281
123,San Juan Unified,3430097,La Entrada Continuation High,29,0.0,0.527574273001
124,Lodi Unified,3930344,Independence,73,12.6849315068,0.41589295467
125,Twin Rivers Unified,3430634,Elwood J. Keema High,147,13.6462585034,0.524216204068
126,East Side Union High,4337903,Silver Creek High,61,73.7704918033,0.772476732629
127,East Side Union High,4335204,Oak Grove High,278,40.9928057554,0.723253757737
128,Central Unified,1030386,Central Unif. Alter/Opp,23,17.0,0.586681844052
129,San Diego Unified,107219,San Diego Science and Technol,25,39.76,0.703490464196
130,Mt. Diablo Unified,731380,Clayton Valley High,1425,48.6828070175,0.66013560674
131,San Luis Coastal Unified,4034807,Morro Bay High,671,54.9269746647,0.582924435721
132,Lake Tahoe Unified,930040,Mt. Tallac High,12,0.0,0.64748427673
133,Lake Elsinore Unified,3332350,Elsinore High,1192,50.2055369128,0.382344624781
134,Napa Valley Unified,121087,American Canyon High,246,46.0691056911,0.717882632831
135,Kern Union High,1530112,Vista West Continuation,86,9.09302325581,0.184210526316
136,Plumas Unified,3232006,Chester Junior/Senior High,148,50.0675675676,0.260989010989
137,Moorpark Unified,5630215,Community High,40,30.0,0.518262586377
138,Northern Humboldt Union High,1235209,McKinleyville High,555,43.4234234234,0.657088577535
139,Tustin Unified,3032109,Foothill High,1800,75.3588888889,0.624855443582
140,Sacramento City Unified,3434768,Kennedy (John F.) High,330,47.8484848485,0.746039824416
141,Orange Unified,3035409,Orange High,283,43.8127208481,0.569069526537
142,Chawanakee Unified,117010,Minarets High,223,48.7802690583,0.315913688469
143,Poway Unified,3730819,Rancho Bernardo High,1748,58.4553775744,0.555760188088
144,Anderson Valley Unified,2330900,Anderson Valley Jr./Sr. High,11,73.0,0.580357142857
145,Livermore Valley Joint Unified,133397,Granada High,1703,66.5320023488,0.429708222812
146,Fremont Union High,4331799,Cupertino High,583,68.3567753002,0.810852120749
147,Ceres Unified,5030168,Endeavor Alternative,32,19.0,0.549878345499
148,Taft Union High,1530138,"Buena Vista High, Cont.",52,11.6346153846,0.191363777571
149,Santa Maria Joint Union High,4231452,Delta High,11,0.0,0.43197728687
150,Los Banos Unified,119073,Crossroads Alternative Ed.,13,0.0,0.609182058047
151,Poway Unified,3735842,Abraxas Continuation High,29,7.0,0.473045822102
152,Amador County Unified,330019,"Independence High, Cont.",22,26.0,0.385672227674
153,San Juan Unified,3432838,Encina Preparatory High,115,20.9217391304,0.742994588094
154,Shoreline Unified,2134310,Tomales High,116,60.3103448276,0.77648878577
155,Placer Union High,3131687,"Chana High, Cont.",68,9.23529411765,0.643084541917
156,Folsom-Cordova Unified,3434792,"Kinney High, Cont.",40,10.75,0.513401072086
157,East Side Union High,4330023,Santa Teresa High,1039,48.3763233879,0.723253757737
158,Riverside Unified,3336492,Ramona High,491,40.9918533605,0.554218787348
159,Ukiah Unified,2335024,Ukiah High,1024,43.51953125,0.634938728983
160,Hesperia Unified,3630472,Mojave High,12,0.0,0.346627880273
161,Coachella Valley Unified,3330354,West Shores High,14,50.0,0.482014388489
162,Willows Unified,1132851,Willows High,259,33.7104247104,0.319185059423
163,Folsom-Cordova Unified,3430709,Folsom Lake High,40,30.6,0.496486605182
164,Fullerton Joint Union High,3037496,Troy High,888,80.3006756757,0.591143294806
165,Poway Unified,3730074,Mt. Carmel High,1360,52.7544117647,0.590174713507
166,Riverside Unified,3330362,Summit View Ind. Stdy.,130,18.4461538462,0.55196454629
167,Fresno Unified,1032507,Fresno High,330,37.8363636364,0.571761688236
168,South San Francisco Unified,4137279,South San Francisco High,128,49.6875,0.823785517874
169,Ventura Unified,5630272,Pacific High,27,15.0,0.640656361139
170,Amador County Unified,330050,North Star Independent Study,41,24.2195121951,0.385672227674
171,Turlock Unified,5030283,Pitman (John H.) High,1277,48.8582615505,0.434776749618
172,Clovis Unified,1030469,Enterprise Alternative,40,28.175,0.398396767466
173,Ventura Unified,5630348,Foothill Technology High,931,73.880773362,0.640656361139
174,Hesperia Unified,119115,Oak Hills High,1049,36.8970448046,0.291064388962
175,San Jose Unified,4335949,Pioneer High,1053,65.7150997151,0.722009598445
176,San Bernardino City Unified,3631082,Arroyo Valley,45,24.4,0.736587270597
177,Upland Unified,3637584,Upland High,1652,49.3280871671,0.610185756392
178,Stanislaus County Office of Education,5030226,Petersen Alternative Center f,28,10.7142857143,0.504190412337
179,Desert Sands Unified,3330388,Palm Desert High,1352,61.1198224852,0.505620848237
180,Chico Unified,431502,Fair View High (Continuation),144,10.2986111111,0.611191139281
181,Konocti Unified,1735000,Lower Lake High,501,26.3453093812,0.431428571429
182,Ventura Unified,5630298,El Camino High,223,63.7757847534,0.733727810651
183,Galt Joint Union High,119131,Liberty Ranch High,793,47.9659520807,0.473642263464
184,Moreno Valley Unified,3330396,Canyon Springs High,552,43.8097826087,0.601864262215
185,Capistrano Unified,113381,San Juan Hills High,1534,69.8898305085,0.43391730904
186,Grossmont Union High,3731809,El Capitan High,1569,38.5474824729,0.28692779613
187,San Joaquin County Office of Education,3930468,San Joaquin County Community,98,17.2959183673,0.484574111335
188,Clovis Unified,1030501,Buchanan High,2015,63.5895781638,0.398396767466
189,Jurupa Unified,3330412,Jurupa Valley High,301,36.8936877076,0.58273381295
190,Castro Valley Unified,135533,Redwood Continuation High,61,16.8524590164,0.748513127992
191,El Dorado Union High,936302,Ponderosa High,2067,66.6211901306,0.378048780488
192,Trinity Alps Unified,5337456,Trinity High,373,36.6139410188,0.41028128031
193,Tustin Unified,3037553,Tustin High,476,62.1302521008,0.624855443582
194,Pierce Joint Unified,635250,Pierce High,77,57.1818181818,0.428927680798
195,Waterford Unified,5030259,Waterford High,259,60.0579150579,0.505358150028
196,El Dorado Union High,930164,Union Mine High,1062,54.2306967985,0.335960591133
197,Madera Unified,110965,Madera South High,251,36.4262948207,0.589822329458
198,Mammoth Unified,2630010,Mammoth High,159,57.8050314465,0.452304394427
199,Nevada County Office of Education,113019,Nevada County Academy of Lear,13,0.0,0.486882716049
200,Morgan Hill Unified,4333951,Live Oak High,755,47.9231788079,0.62508259548
201,Selma Unified,1036672,Selma High,172,59.4709302326,0.409964736662
202,Kern Union High,1532290,East Bakersfield High,199,45.5226130653,0.288645690834
203,Scotts Valley Unified,4430211,Scotts Valley High,837,63.109916368,0.715371868603
204,Tehachapi Unified,1530245,"Monroe High, Cont.",47,23.7446808511,0.264682952183
205,Moreno Valley Unified,3330438,Valley View High,422,52.8933649289,0.546990496304
206,Caruthers Unified,1030535,Caruthers High,79,46.8734177215,0.386666666667
207,Sweetwater Union High,3731064,Chula Vista Senior High,138,49.8333333333,0.754016957886
208,Sacramento City Unified,108951,Arthur A. Benjamin Health Pro,56,42.8035714286,0.813576409309
209,Kern Union High,1530252,Arvin High,42,43.6666666667,0.645581395349
210,Corona-Norco Unified,3330446,Centennial High,1051,55.7583254044,0.432162875041
211,Tamalpais Union High,2134419,San Andreas High (Continuatio,20,45.0,0.786662367672
212,Ramona City Unified,3735958,"Montecito High, Cont.",19,16.0,0.315043052507
213,Kern Union High,110999,Frontier High,1956,48.0746421268,0.413674372848
214,Chaffey Joint Union High,3637659,"Valley View High, Cont.",44,15.6363636364,0.740069892208
215,San Juan Unified,3435930,Mira Loma High,929,62.1431646932,0.613677778969
216,Sequoia Union High,4138053,Woodside High,665,66.362406015,0.786446020489
217,Los Molinos Unified,5235106,Los Molinos High,69,55.1884057971,0.259711431743
218,Sonora Union High,5530019,"Cassina (Dario) High, Cont.",28,21.0,0.402743379691
219,Ramona City Unified,3735974,Ramona High,1538,47.8914174252,0.315043052507
220,East Side Union High,4333639,Lick (James) High,67,40.328358209,0.790654620853
221,Washington Unified,5735154,River City Senior High,956,36.2332635983,0.782843431314
222,Carmel Unified,2730414,Carmel High,742,66.3126684636,0.679044744784
223,Beaumont Unified,3330479,Beaumont Senior High,1271,41.9881982691,0.465511092089
224,Merced Union High,2439602,"Yosemite High, Cont.",50,9.96,0.541278550466
225,Twin Rivers Unified,3436979,Rio Linda High,779,38.6649550706,0.671213208902
226,Santa Clara Unified,4330247,Wilson Alternative,32,22.125,0.768776432842
227,Lake Elsinore Unified,3330487,Temescal Canyon High,1216,45.5246710526,0.453914327917
228,Wasco Union High,1536440,Wasco High,100,47.77,0.391639871383
229,Red Bluff Joint Union High,5237151,"Salisbury High, Cont.",45,13.6888888889,0.313456053928
230,Garden Grove Unified,3035581,Pacifica High,1257,65.4025457438,0.475728758779
231,Kern County Office of Education,1530302,Kern County Juvenile Court,37,14.0540540541,0.42465976693
232,Temecula Valley Unified,3330495,Rancho Vista High,30,33.0,0.408742194469
233,Fort Sage Unified,1833409,Herlong High,29,30.724137931,0.200417536534
234,Marysville Joint Unified,5835202,Marysville High,619,46.6268174475,0.226726726727
235,Kern County Office of Education,1530310,Kern County Community,229,5.89956331878,0.42465976693
236,Hemet Unified,3330503,Helen Hunt Jackson Alternativ,190,30.3631578947,0.467771639042
237,Fortuna Union High,1233352,East High (Continuation),17,6.0,0.516473887136
238,Mountain View-Los Altos Union High,4334728,Mountain View High,1285,69.2677042802,0.829648526077
239,Placer Union High,3131851,Colfax High,948,52.3955696203,0.391708967851
240,Riverside Unified,3330511,Opportunity Program,111,8.06306306306,0.55196454629
241,Sacramento City Unified,3430865,West Campus,242,72.7190082645,0.797459584296
242,Moorpark Unified,5630371,Moorpark College,51,64.6470588235,0.518262586377
243,Santa Cruz City High,4432340,Harbor High,585,63.5606837607,0.838548185232
244,Conejo Valley Unified,123349,Century Academy,33,75.3636363636,0.573899239703
245,East Nicolaus Joint Union High,5132758,East Nicolaus High,223,60.6502242152,0.361258278146
246,Tustin Unified,102871,Arnold O. Beckman High,1106,76.842676311,0.624855443582
247,Elk Grove Unified,3430873,Franklin High,882,58.783446712,0.635654169855
248,Salinas Union High,2734556,Salinas High,952,51.618697479,0.752533507682
249,San Ramon Valley Unified,113118,Dougherty Valley High,597,72.6365159129,0.711773832098
250,Murrieta Valley Unified,3330529,Murrieta Valley High,1794,59.7424749164,0.551023137622
251,Central Unified,1030626,Central High East Campus,1141,39.2322524102,0.586681844052
252,Kern Union High,1530344,Stockdale High,1137,59.4388742304,0.815833333333
253,Hemet Unified,3330537,West Valley High,642,48.445482866,0.410739052903
254,Garden Grove Unified,3033578,La Quinta High,69,63.5072463768,0.601399900892
255,Sacramento City Unified,3431012,Burbank (Luther) High,11,45.0,0.810262114997
256,Stockton Unified,3932654,Franklin High,139,45.3669064748,0.546288209607
257,San Diego Unified,3730173,Serra High,773,56.5433376455,0.582085269983
258,Corona-Norco Unified,3330131,Corona-Norco Alternative,12,50.0,0.581043375328
259,Oxnard Union High,5634548,Oxnard High,422,52.2345971564,0.647087467283
260,San Mateo Union High,4130217,Aragon High,644,67.8819875776,0.772713878794
261,Val Verde Unified,3330552,Rancho Verde High,228,45.5614035088,0.553964887475
262,Fortuna Union High,1233402,Fortuna Union High,814,35.0663390663,0.516473887136
263,Campbell Union High,4330239,Leigh High,1334,56.2338830585,0.741318214033
264,Mojave Unified,1534460,Mojave Jr./Sr. High,26,45.9230769231,0.3264781491
265,Mt. Diablo Unified,731646,College Park High,1601,57.7870081199,0.706974540128
266,Val Verde Unified,3330560,Val Verde High,14,21.0,0.624669797476
267,Kern Union High,1530369,Centennial High,1422,56.5210970464,0.298972449739
268,Vacaville Unified,4837803,Vacaville High,1568,44.8852040816,0.570959803117
269,Los Banos Unified,2431492,"San Luis High, Cont.",29,6.72413793103,0.609182058047
270,Hemet Unified,113159,Tahquitz High,495,36.595959596,0.410739052903
271,Campbell Union High,4336137,Prospect High,566,61.5636042403,0.764052462527
272,Fullerton Joint Union High,3033610,"La Vista High, Cont.",66,16.3939393939,0.591143294806
273,Shasta Union High,4532750,Enterprise High,1064,49.9257518797,0.295739575316
274,San Lorenzo Unified,137745,Royal Sunset (Continuation),11,0.0,0.819102405629
275,Palm Springs Unified,3330578,Cathedral City High,435,49.2068965517,0.696723575888
276,Fresno Unified,1030675,Sunnyside High,95,47.4947368421,0.568887253098
277,El Dorado Union High,930222,Vista High,12,33.0,0.376518218623
278,Yosemite Unified,2030104,Evergreen High,11,9.0,0.259656652361
279,East Side Union High,4330031,Independence High,154,45.7792207792,0.800276490201
280,Corona-Norco Unified,3330586,Lee V. Pollard High (Cont.),112,16.9553571429,0.581043375328
281,Clovis Unified,1030683,Clovis East High,893,60.522956327,0.398396767466
282,Acalanes Union High,733725,Las Lomas High,1501,67.8854097268,0.74777603349
283,Upland Unified,3630456,Hillside High,22,18.0,0.610185756392
284,El Tejon Unified,1530401,Frazier Mountain High,11,45.0,0.304721030043
285,Mountain View-Los Altos Union High,4334116,Los Altos High,1084,77.6439114391,0.776614310646
286,Perris Union High,113191,Heritage High,923,44.8429035753,0.502294893861
287,Esparto Unified,5732904,Esparto High,81,54.3456790123,0.542914171657
288,Sutter Union High,5137500,Sutter High,655,42.4427480916,0.351928692178
289,Roseville Joint Union High,3130119,"Independence High, Alt.",74,51.5675675676,0.465835086665
290,Claremont Unified,1931823,Claremont High,1432,58.3470670391,0.593502314996
291,Campbell Union High,4331955,Del Mar High,340,46.8470588235,0.769785351466
292,Val Verde Unified,109108,Citrus Hill High,213,48.4600938967,0.599527085125
293,Lindsay Unified,5432414,Lindsay Senior High,92,38.0869565217,0.449897750511
294,Sequoia Union High,4135687,"Redwood High, Cont.",15,8.0,0.847305389222
295,Yuba City Unified,5139001,Yuba City High,830,44.4228915663,0.402011581835
296,Garden Grove Unified,3035706,Rancho Alamitos High,345,39.9130434783,0.61663399608
297,San Luis Coastal Unified,4036703,San Luis Obispo High,1386,59.7453102453,0.644798745426
298,Lodi Unified,3934783,Lodi High,1558,58.5115532734,0.501566784175
299,Hemet Unified,3332673,Hemet High,1635,49.7688073394,0.399497487437
300,Merced Union High,2433605,Livingston High,29,62.1379310345,0.572062084257
301,San Diego Unified,107078,Kearny Digital Media & Design,43,86.3023255814,0.63646714996
302,Morongo Unified,3630209,Monument Alternative/Continuat,16,38.0,0.330801687764
303,Anderson Union High,4530762,North Valley High,58,8.74137931034,0.253796337651
304,Temecula Valley Unified,3330636,Susan H. Nelson High,83,47.1927710843,0.408742194469
305,Vacaville Unified,4833869,Country High,18,6.0,0.570959803117
306,San Diego Unified,107086,Kearny SCT,22,73.0,0.63646714996
307,San Diego County Office of Education,124685,East Region Community-La Mesa,12,8.0,0.613442403744
308,San Lorenzo Unified,137810,San Lorenzo High,76,38.1710526316,0.789598540146
309,Santa Rosa High,4936803,Santa Rosa High,1286,58.200622084,0.776655629139
310,Murrieta Valley Unified,3330644,Creekside High,14,38.0,0.551023137622
311,Escondido Union High,3732054,"Valley High, Cont.",22,14.0,0.369605142332
312,Potter Valley Community Unified,2330041,Potter Valley High,47,38.2765957447,0.49634369287
313,Imperial Unified,1335900,Imperial High,273,67.2710622711,0.610309278351
314,Kern Union High,1536606,West High,494,36.1659919028,0.40262955988
315,Folsom-Cordova Unified,3430501,"Walnutwood High, Alt.",77,38.8441558442,0.513401072086
316,San Jose Unified,4330080,Gunderson High,215,48.8604651163,0.726104035234
317,Carlsbad Unified,3730017,Carlsbad Village Academy,21,19.0,0.549352222947
318,Sonora Union High,5530043,Bird High,48,33.5833333333,0.402743379691
319,Orange Unified,3035748,Richland Continuation High,56,14.5357142857,0.569069526537
320,Fairfield-Suisun Unified,4830170,Rodriguez (Angelo) High,596,46.6744966443,0.658152554234
321,Elk Grove Unified,105916,Monterey Trail High,145,54.2689655172,0.53358802929
322,Tamalpais Union High,2132587,Redwood High,1652,75.053874092,0.786662367672
323,Kern Union High,1530476,Liberty High,1404,52.6937321937,0.298972449739
324,Del Norte County Unified,836205,Sunset High,40,9.975,0.407816091954
325,Saint Helena Unified,2837102,Saint Helena High,301,61.803986711,0.740305522914
326,Yosemite Unified,2030013,Yosemite High,615,40.7788617886,0.259656652361
327,Santa Rosa High,4930160,Allen (Elsie) High,156,34.5064102564,0.688666300768
328,San Dieguito Union High,3730033,Torrey Pines High,2288,66.7722902098,0.639365324083
329,Anderson Union High,4530804,Anderson High,486,39.6666666667,0.253796337651
330,Riverside Unified,3330677,"Raincross High, Cont.",18,22.0,0.55196454629
331,Jefferson Union High,4137592,Thornton High,12,0.0,0.809661649299
332,Sweetwater Union High,3738234,Montgomery Senior High,15,60.0,0.653173965448
333,Golden Valley Unified,2030203,Liberty High,455,57.2263736264,0.272232885477
334,Conejo Valley Unified,5630116,Westlake High,2184,69.0741758242,0.53258887876
335,San Bernardino City Unified,3635844,San Bernardino High,135,19.9555555556,0.661103761745
336,Sweetwater Union High,3733953,Mar Vista Senior High,377,53.9946949602,0.669663669664
337,Oxnard Union High,5630389,Pacifica,165,49.1333333333,0.647087467283
338,Sierra Unified,1036938,Sierra High,485,60.1958762887,0.390099741411
339,West Sonoma County Union High,4930327,Laguna High,56,16.0714285714,0.788591562708
340,Corona-Norco Unified,3330701,Santiago High,2491,54.1786431152,0.432162875041
341,Newport-Mesa Unified,3031697,Corona del Mar High,1883,66.8422729687,0.47624178429
342,Grossmont Union High,3730066,Valhalla High,1964,55.8380855397,0.44045616003
343,El Dorado Union High,934554,Independence Continuation,98,12.5408163265,0.376518218623
344,Elk Grove Unified,3430535,"Transition High, Cont.",34,49.5882352941,0.53358802929
345,Fairfield-Suisun Unified,4836003,Sem Yeto Continuation High,45,11.0222222222,0.649664153932
346,Santa Cruz County Office of Education,4430278,Santa Cruz County,254,17.2322834646,0.751190229766
347,Perris Union High,3330727,Paloma Valley High,1262,53.1664025357,0.445681281176
348,Galt Joint Union High,3432903,Estrellita Continuation High,33,9.18181818182,0.473642263464
349,Fall River Joint Unified,4533600,Fall River Junior-Senior High,83,68.6265060241,0.330275229358
350,California School for the Deaf-Fremont (,131763,California School for the Dea,11,27.0,0.722321695016
351,Western Placer Unified,3130036,"Phoenix High, Cont.",11,9.0,0.403606102635
352,Lucia Mar Unified,4033205,Lopez Continuation High,72,9.76388888889,0.530927105449
353,Pajaro Valley Unified,4430518,Aptos High,1207,54.1275890638,0.734965034965
354,Temecula Valley Unified,3330743,Chaparral High,1876,56.4285714286,0.423866370972
355,Anaheim Union High,3033784,Loara High,367,44.5449591281,0.639949943388
356,Mt. Diablo Unified,731836,Concord High,890,47.2438202247,0.66013560674
357,Kern Union High,1532605,Foothill High,261,32.2107279693,0.288645690834
358,Santa Cruz City High,4437109,Santa Cruz High,957,57.4357366771,0.751190229766
359,Santa Rosa High,4930244,Carrillo (Maria) High,1505,67.1940199336,0.760627802691
360,San Lorenzo Unified,130849,Arroyo High,378,42.880952381,0.789598540146
361,Oxnard Union High,5634761,Rio Mesa High,567,59.2045855379,0.733040003592
362,Sacramento City Unified,3430519,Capital City,92,22.6304347826,0.810262114997
363,Nevada Joint Union High,2935500,Nevada Union High,2247,51.7022696929,0.486882716049
364,Yuba City Unified,5130018,Powell (Albert) Cont.,79,15.2658227848,0.402011581835
365,Fresno Unified,1032911,Herbert Hoover High,408,37.8357843137,0.574914546145
366,Fallbrook Union High,3732179,Fallbrook High,1150,57.9504347826,0.408724700334
367,Oakland Unified,137943,Skyline High,143,49.1468531469,0.773475898939
368,Paradise Unified,432856,Ridgeview High (Continuation),82,8.48780487805,0.195263412276
369,Santa Barbara Unified,4235727,Santa Barbara Senior High,1148,73.143728223,0.772852128796
370,Fort Bragg Unified,2331361,Fort Bragg High,342,39.6608187135,0.695269788448
371,Porterville Unified,5430251,Granite Hills High,168,45.7738095238,0.288544358312
372,Vallejo City Unified,4830147,Bethel (Jesse M.) High,171,47.3157894737,0.737650351766
373,Chowchilla Union High,2032357,Chowchilla High,473,39.5539112051,0.42074776198
374,Santa Clara Unified,4338406,New Valley Cont. High,12,25.0,0.761659933896
375,Red Bluff Joint Union High,5237201,Red Bluff High,1187,42.6663858467,0.313456053928
376,Elk Grove Unified,3432572,Elk Grove High,1314,53.0327245053,0.53358802929
377,Biggs Unified,430827,Biggs High,47,34.0638297872,0.404551201011
378,Sweetwater Union High,3732849,Hilltop Senior High,340,60.25,0.676099941725
379,Contra Costa County Office of Education,6077168,Floyd Marchus,12,58.0,0.702267303103
380,Chaffey Joint Union High,3633906,Montclair High,219,32.095890411,0.684804437219
381,Hesperia Unified,115444,Canyon Ridge High,60,9.85,0.291064388962
382,San Diego Unified,3734654,Morse High,11,36.0,0.762409667101
383,Sonora Union High,5536503,Sonora High,1110,47.9459459459,0.402743379691
384,Modesto City High,5031380,Davis (Grace M.) High,515,36.4757281553,0.557129407737
385,Victor Valley Union High,3638012,Victor Valley High,494,40.3522267206,0.447736654306
386,Folsom-Cordova Unified,113571,Vista del Lago High,1579,62.1811272958,0.496486605182
387,Santa Maria Joint Union High,4236030,Santa Maria High,42,45.380952381,0.488544474394
388,Willits Unified,2335487,Willits High,323,35.4767801858,0.610826064649
389,Folsom-Cordova Unified,3433216,Folsom High,1843,64.0613130765,0.496486605182
390,Porterville Unified,5434113,Porterville High,517,50.2379110251,0.288544358312
391,Palm Springs Unified,3330818,Desert Hot Springs High,347,28.8328530259,0.528595296234
392,Riverside Unified,3330859,Martin Luther King Jr. High,1927,58.0653866113,0.529643427355
393,San Diego Unified,3731213,Clairemont High,572,49.2832167832,0.604657849339
394,San Diego Unified,3730181,Mira Mesa High,611,63.5646481178,0.620477794411
395,Huntington Beach Union High,3030145,Ocean View High,531,50.7928436911,0.540354981437
396,Monterey Peninsula Unified,2732808,Monterey High,643,50.2939346812,0.678728493172
397,San Lorenzo Valley Unified,4436754,San Lorenzo Valley High,873,46.6666666667,0.825955943475
398,Placer Union High,3130135,Maidu High Independent Study,59,47.4745762712,0.643084541917
399,Beaumont Unified,3330842,Glen View High,13,8.0,0.465511092089
400,Liberty Union High,733980,Liberty High,1380,47.8246376812,0.571727092258
401,Visalia Unified,5430046,Golden West High,562,36.334519573,0.464601769912
402,Los Gatos-Saratoga Joint Union High,4334371,Los Gatos High,1884,68.5870488323,0.708251857646
403,Rocklin Unified,3130150,Rocklin High,1876,67.6305970149,0.451236019092
404,San Marcos Unified,3730215,Twin Oaks High,15,7.0,0.485431302545
405,Petaluma Joint Union High,4930012,Casa Grande High,1269,62.621749409,0.76189277624
406,Woodland Joint Unified,101162,Pioneer High,553,44.4213381555,0.420741989882
407,Fresno Unified,1030279,Bullard High,1327,50.0617935192,0.571761688236
408,San Diego Unified,107094,Kearny International Business,13,85.0,0.63646714996
409,Newport-Mesa Unified,3031853,Costa Mesa High,310,56.6387096774,0.47624178429
410,Liberty Union High,733998,La Paloma High (Continuation),46,10.5217391304,0.571727092258
411,Twin Rivers Unified,3433265,Foothill High,520,36.5942307692,0.542284984841
412,Riverbank Unified,5036850,Riverbank High,156,47.4679487179,0.511285183218
413,Kern Union High,1534775,North High,1388,32.7932276657,0.184210526316
414,Los Alamitos Unified,3033917,Los Alamitos High,2616,68.6349388379,0.515223440825
415,Jefferson Union High,4137790,Westmoor High,79,31.7721518987,0.776695791369
416,Gustine Unified,2431807,Gustine High,142,49.3169014085,0.529743048222
417,Roseville Joint Union High,3130176,Woodcreek High,2137,53.2709405709,0.516927675612
418,Visalia Unified,5435839,Sequoia High,23,14.0,0.573157315732
419,Travis Unified,4830022,Travis Education Center,25,3.96,0.649664153932
420,Placentia-Yorba Linda Unified,3038023,Valencia High,707,75.7454031117,0.503782332845
421,Roseville Joint Union High,3130184,Granite Bay High,2273,61.6278046634,0.402407566638
422,Campbell Union High,4338505,Westmont High,996,52.3584337349,0.759295386734
423,Monterey Peninsula Unified,111435,Marina High,190,44.5789473684,0.751621643813
424,Corning Union High,5231709,Corning High,535,33.9177570093,0.349639855942
425,Lassen Union High,1833805,Lassen High,877,37.6442417332,0.25216
426,Shasta County Office of Education,4530317,Oasis Community,24,4.875,0.35168792198
427,Santa Clara County Office of Education,4330320,County Community,11,0.0,0.773514246947
428,Oxnard Union High,5632849,Hueneme High,68,45.7941176471,0.593989852999
429,Capistrano Unified,3035987,Junipero Serra,56,23.0,0.43391730904
430,Kern Union High,1530708,Bakersfield High,756,48.8902116402,0.42465976693
431,Fremont Union High,4334421,Lynbrook High,338,70.3816568047,0.737441286522
432,Huntington Beach Union High,3031895,Edison High,2100,66.8480952381,0.472830529622
433,Rocklin Unified,3130200,Victory High,37,19.6756756757,0.451236019092
434,Tehachapi Unified,1536135,Tehachapi High,1223,49.7947669665,0.264682952183
435,Desert Sands Unified,3330909,Horizon,80,30.1375,0.441717002956
436,Benicia Unified,4830048,"Liberty High, Cont.",36,16.5,0.689301416707
437,Capistrano Unified,3036001,San Clemente High,2686,63.2985852569,0.404783451842
438,Chaffey Joint Union High,3630225,Alta Loma High,1415,52.8042402827,0.475426024151
439,East Side Union High,4335907,Piedmont Hills High,307,46.4853420195,0.675513501039
440,Rocklin Unified,3130218,Rocklin Independent (Alte,59,31.9322033898,0.451236019092
441,Grossmont Union High,3732336,Granite Hills High,2327,52.1082939407,0.44045616003
442,San Bernardino City Unified,3636081,San Gorgonio High,323,37.8142414861,0.563017261764
443,Oakland Unified,136051,Oakland Technical High,561,73.5008912656,0.855087197935
444,Placentia-Yorba Linda Unified,3031929,El Dorado High,1482,68.4041835358,0.503782332845
445,Fremont Union High,4334462,Monta Vista High,583,76.2915951973,0.810852120749
446,Manteca Unified,3935103,Manteca High,647,39.0015455951,0.507855822551
447,Tulare Joint Union High,5430145,Tulare Technical Preparatory,24,20.7083333333,0.509095204347
448,Chaffey Joint Union High,3630571,Rancho Cucamonga High,1274,58.7543171115,0.475426024151
449,Gonzales Unified,2730885,Gonzales High,11,45.0,0.699789177793
450,Milpitas Unified,4334470,Milpitas High,309,53.9579288026,0.761451562984
451,Manteca Unified,3935111,"Calla High, Cont.",46,4.30434782609,0.507855822551
452,Placentia-Yorba Linda Unified,3031945,El Camino Real Continuation Hi,20,32.0,0.503782332845
453,San Diego Unified,3730314,University City High,950,65.9378947368,0.535812574977
454,Fresno Unified,1030295,Duncan (Erma) Polytechnical Hi,43,58.0697674419,0.538850876371
455,Conejo Valley Unified,5637004,Thousand Oaks High,2300,62.3165217391,0.573899239703
456,Clovis Unified,1031053,Clovis High,1903,62.689963216,0.398396767466
457,Jurupa Unified,114157,Patriot High,714,42.1512605042,0.588575560376
458,Orange Unified,3031952,El Modena High,979,65.0255362615,0.581574185766
459,Orange Unified,3038098,Villa Park High,1503,61.0405854957,0.455688854489
460,Clovis Unified,113555,Clovis North High,1474,67.9572591588,0.405669291339
461,El Dorado Union High,932756,El Dorado High,1422,51.3600562588,0.376518218623
462,Morgan Hill Unified,4334488,"Central High, Cont.",14,21.0,0.62508259548
463,Modesto City High,5034905,Modesto High,473,58.8287526427,0.624695161083
464,Sacramento City Unified,3435419,McClatchy (C. K.) High,776,55.9368556701,0.813576409309
465,Oakdale Joint Unified,5030192,Valley Oak Junior and Senior,17,6.0,0.381089459699
466,Banning Unified,3330974,Banning Independent Study,13,23.0,0.449500318945
467,San Diego Unified,3734431,Mission Bay High,289,52.321799308,0.655699070927
468,San Jose Unified,4333522,Leland High,1076,70.2063197026,0.769055225924
469,Modesto City High,5034913,Robert Elliott Alternative Ed,152,5.88157894737,0.557129407737
470,Amador County Unified,334755,Argonaut High,582,44.5704467354,0.385672227674
471,Alvord Unified,3337128,Alvord Continuation High,12,8.0,0.641564318035
472,Jurupa Unified,3337136,Rubidoux High,121,39.7438016529,0.588575560376
473,Simi Valley Unified,5634993,"Apollo High, Cont.",73,10.7260273973,0.502965372106
474,Ventura Unified,5630793,Buena High,1413,49.7466383581,0.640656361139
475,Fremont Union High,4332474,Fremont High,559,59.2343470483,0.813534708103
476,Visalia Unified,5434527,Redwood High,748,63.1296791444,0.573157315732
477,Mt. Diablo Unified,730044,Northgate High,1362,65.3869309838,0.675010429704
478,San Jacinto Unified,3331006,San Jacinto Home Ed,33,9.30303030303,0.431800391389
479,Newport-Mesa Unified,3032000,Estancia High,329,55.103343465,0.47624178429
480,San Ramon Valley Unified,734368,Monte Vista High,2171,71.5472132658,0.628745690798
481,San Ramon Valley Unified,730051,California High,1888,71.530190678,0.689691871072
482,Tahoe-Truckee Joint Unified,3138500,Tahoe Truckee High,501,54.3333333333,0.738916256158
483,Roseville Joint Union High,3130309,"Adelante High, Cont.",77,7.48051948052,0.465835086665
484,Albany City Unified,130450,Albany High,507,75.9743589744,0.893089005236
485,Roseville Joint Union High,3135308,Oakmont High,1480,53.1304054054,0.443457698371
486,San Bernardino County Office of Educatio,107466,Community/Independent Altern.,52,7.75,0.743398985121
487,South San Francisco Unified,4132551,El Camino High,181,42.6519337017,0.823785517874
488,Garden Grove Unified,3033933,Los Amigos High,43,53.3255813953,0.534994634553
489,Healdsburg Unified,4932554,Healdsburg High,410,60.443902439,0.767627045027
490,Point Arena Joint Union High,2333649,Point Arena High,88,36.1704545455,0.781704781705
491,Chino Valley Unified,3630035,Don Antonio Lugo High,460,43.6217391304,0.56642519685
492,Central Union High,1330133,Southwest High,167,61.3293413174,0.660288270378
493,Shasta Union High,4537304,Shasta High,1454,59.8741403026,0.35168792198
494,Santa Monica-Malibu Unified,1995737,Malibu High,785,67.2229299363,0.634257935373
495,Palm Springs Unified,3335130,Palm Springs High,920,47.7239130435,0.614053395947
496,Chawanakee Unified,6114862,Chawanakee Academy,11,64.0,0.315913688469
497,Mariposa County Unified,2235356,Mariposa County High,481,52.0665280665,0.395136778116
498,Ceres Unified,5030879,Ceres High,457,44.9978118162,0.549878345499
499,Santa Cruz City High,4436960,Costanoa Continuation High,13,8.0,0.838548185232
500,Cotati-Rohnert Park Unified,4930384,Technology High,229,78.1397379913,0.729064800041
501,Petaluma Joint Union High,4930236,"Valley Oaks High, Alt.",27,48.5925925926,0.613377434767
502,Sweetwater Union High,3730405,Bonita Vista Senior High,536,69.6268656716,0.675064800415
503,Corona-Norco Unified,110759,John F. Kennedy High,261,53.1187739464,0.521374277896
504,Southern Kern Unified,1534957,Rosamond High,346,36.5693641618,0.479087452471
505,Antioch Unified,730101,Live Oak High (Continuation),17,12.0,0.671317619435
506,Roseville Joint Union High,3136504,Roseville High,1589,48.918816866,0.465835086665
507,Needles Unified,3634169,Needles High,145,19.9655172414,0.365194462755
508,Riverside Unified,115709,Riverside Virtual,25,64.08,0.55196454629
509,Moreno Valley Unified,3331071,Vista del Lago High,235,39.5957446809,0.553964887475
510,Sweetwater Union High,3731627,Otay Ranch Senior High,354,66.7231638418,0.675064800415
511,Acalanes Union High,107524,Acalanes Center for Independe,13,31.0,0.770895807208
512,Newark Unified,130054,Newark Memorial High,479,51.3549060543,0.786626940927
513,Mendocino Unified,2333185,Mendocino High,175,52.6171428571,0.782417582418
514,Fremont Unified,130062,American High,520,51.075,0.759161490683
515,Victor Valley Union High,3630100,Goodwill High,13,8.0,0.499383401159
516,Anaheim Union High,3030038,Cypress High,1332,73.2394894895,0.555395524042
517,Orange Unified,3030046,Canyon High,1780,53.1758426966,0.425349254663
518,Anaheim Union High,3038239,Western High,358,57.3687150838,0.639949943388
519,Yucaipa-Calimesa Joint Unified,101410,Oak View High School & Educat,27,3.88888888889,0.383247817085
520,Acalanes Union High,734244,Miramonte High,1069,80.736202058,0.818059716913
521,Placentia-Yorba Linda Unified,3030053,Esperanza High,1399,70.4538956397,0.503782332845
522,Oak Park Unified,5630256,Oak Park Independent,56,66.2142857143,0.679618001047
523,Stockton Unified,3937406,Stagg Senior High,268,31.3694029851,0.594881537774
524,Orland Joint Unified,1135656,Orland High,290,38.0034482759,0.351932621447
525,Clovis Unified,1031004,Gateway High (Continuation),123,8.92682926829,0.398396767466
526,Davis Joint Unified,5732219,King (Martin Luther) High (Co,11,18.0,0.521778584392
527,Saddleback Valley Unified,3030061,El Toro High,2031,65.9551944855,0.488830155434
528,Kings Canyon Joint Unified,1035310,Reedley High,431,54.8352668213,0.528384279476
529,Pleasanton Unified,130096,Foothill High,1664,60.5198317308,0.704460402549
530,Durham Unified,433201,Durham High,292,46.801369863,0.411020776874
531,Newport-Mesa Unified,111666,Early College High,54,94.4814814815,0.47624178429
532,Sweetwater Union High,3731155,Options Secondary,24,62.5833333333,0.754016957886
533,Santa Ynez Valley Union High,4236345,Santa Ynez Valley Union High,763,63.1952817824,0.605429172242
534,Corning Union High,5231675,Centennial (Continuation) High,15,7.0,0.349639855942
535,Galt Joint Union High,3433471,Galt High,399,43.1228070175,0.473642263464
536,Santa Rosa High,4934154,Montgomery High,1245,57.3148594378,0.769560606759
537,Saddleback Valley Unified,3030079,"Silverado High, Cont.",136,22.8823529412,0.475959441779
538,Novato Unified,2133056,San Marin High,767,50.4002607562,0.789473684211
539,West Sonoma County Union High,4930400,Analy High,1346,59.8395245171,0.788591562708
540,Templeton Unified,4037701,Templeton High,760,59.35,0.457703927492
541,Desert Sands Unified,3333192,Indio High,12,33.0,0.680439104503
542,Ripon Unified,3935756,Ripon High,741,48.3292847503,0.380283472539
543,San Diego Unified,3732997,Hoover High,12,42.0,0.727572685539
544,Chaffey Joint Union High,3632205,Chaffey High,306,47.5,0.673227478223
545,Porterville Unified,5430350,Prospect Education Center,48,20.875,0.288544358312
546,Grossmont Union High,3732559,Chaparral High,144,15.4166666667,0.515335113302
547,Vista Unified,3738705,Vista High,1035,57.1391304348,0.523737297133
548,Denair Unified,5031521,Denair High,247,27.1821862348,0.515901060071
549,Garden Grove Unified,3030103,"Hare (Marie L.) High, Cont.",30,13.3,0.61663399608
550,Fremont Unified,130138,Robertson High (Continuation),20,35.0,0.722321695016
551,Anaheim Union High,3034204,Magnolia High,154,40.7662337662,0.639949943388
552,San Bernardino City Unified,3632221,Cajon High,801,42.7640449438,0.526741940276
553,Huntington Beach Union High,3032158,Fountain Valley High,1604,62.1901496259,0.534994634553
554,Merced Union High,2430049,"Independence High, Alt.",49,24.4489795918,0.541278550466
555,Hayward Unified,138339,Tennyson High,14,50.0,0.811079667267
556,Palm Springs Unified,3331121,Mt. San Jacinto High,34,9.0,0.696723575888
557,Paradise Unified,437350,Paradise Senior High,1084,45.4806273063,0.492440604752
558,Mt. Diablo Unified,737809,Ygnacio Valley High,281,48.7651245552,0.699944842802
559,Vallejo City Unified,4838504,Vallejo High,153,39.5359477124,0.823778345576
560,San Ramon Valley Unified,730218,Venture (Alternative),187,49.807486631,0.711773832098
561,Dixon Unified,4830055,Maine Prairie High (Continuat,22,9.0,0.670484122853
562,Folsom-Cordova Unified,3431533,Cordova High,1011,43.1711177052,0.513401072086
563,Kern Union High,1535087,Shafter High,104,35.4038461538,0.595263958288
564,Butte Valley Unified,4731253,Butte Valley High,25,27.8,0.231517509728
565,Irvine Unified,3030129,Creekside High,52,17.2307692308,0.528330977772
566,Santa Clara Unified,4338802,Wilcox (Adrian) High,543,49.5506445672,0.761659933896
567,Muroc Joint Unified,1530997,Boron Junior-Senior High,88,39.8522727273,0.344110854503
568,Sequoia Union High,4133716,Menlo-Atherton High,1142,86.4203152364,0.862955465587
569,Salinas Union High,2733178,North Salinas High,184,47.8152173913,0.766725159026
570,Fremont Unified,134270,Irvington High,505,57.1940594059,0.722321695016
571,San Diego Unified,107029,San Diego International Studi,313,73.0766773163,0.703490464196
572,Castro Valley Unified,132225,Castro Valley High,1231,58.8245329001,0.748513127992
573,Hamilton Unified,1133701,Hamilton High,57,42.1228070175,0.335867933967
574,Irvine Unified,3030152,Irvine High,739,65.7253044655,0.612091204127
575,Morongo Unified,3630217,Sky Alternative/Cont.,14,29.0,0.330801687764
576,Fallbrook Union High,3730967,"Oasis High, Alt.",66,50.0909090909,0.408724700334
577,Silver Valley Unified,3630274,Silver Valley High,215,43.5906976744,0.383355350066
578,Mountain View-Los Altos Union High,4334736,"Alta Vista High, Cont.",22,68.5,0.829648526077
579,Napa Valley Unified,2835601,Napa High,1114,55.2271095153,0.635677083333
580,Antioch Unified,730259,Prospects High (Alternative),75,28.2133333333,0.671317619435
581,Ramona City Unified,6106264,Ramona Community,119,69.974789916,0.315043052507
582,East Side Union High,4330692,Evergreen Valley High,278,67.3633093525,0.800276490201
583,Los Banos Unified,2434207,Los Banos High,402,47.9303482587,0.609182058047
584,Alameda City Unified,134304,Island High  (Continuation),14,0.0,0.891270112975
585,Rim of the World Unified,3630241,Mountain High,31,13.0,0.416916018352
586,Delhi Unified,2430114,Delhi High,39,73.7692307692,0.583757866347
587,San Diego Unified,3735750,Point Loma High,1365,61.2007326007,0.687368103708
588,Newport-Mesa Unified,3030186,Monte Vista High,23,30.0,0.47624178429
589,Acalanes Union High,730283,Acalanes High,1398,75.4406294707,0.772479288745
590,Santa Cruz City High,4430096,Ark Independent Studies,11,27.0,0.838548185232
591,West Contra Costa Unified,730291,Middle College High,11,73.0,0.870163170163
592,Alameda City Unified,130229,Alameda High,747,61.4029451138,0.891270112975
593,San Lorenzo Unified,111799,East Bay Arts High,33,40.8181818182,0.819102405629
594,Eureka City Schools,1232057,Zoe Barnum High,12,36.0,0.655882352941
595,Sutter County Office of Education,114207,Feather River Academy,34,9.26470588235,0.436825813714
596,Palo Alto Unified,4335782,Palo Alto High,1422,83.5,0.900408841191
597,Western Placer Unified,3134657,Lincoln High,1176,47.1683673469,0.403606102635
598,Capistrano Unified,3030210,Capistrano Valley High,2217,60.6350924673,0.461756986259
599,Merced County Office of Education,2430148,Valley Community,35,8.8,0.642252328535
600,Santa Clara Unified,4330122,Santa Clara High,664,47.186746988,0.761659933896
601,Manteca Unified,101576,Weston Ranch High,126,43.4206349206,0.507855822551
602,Grossmont Union High,3739000,Phoenix High,75,27.92,0.515335113302
603,Yuba City Unified,107722,River Valley High,696,46.2816091954,0.436825813714
604,Pleasanton Unified,130252,Village High,60,23.15,0.670665009323
605,Mt. Diablo Unified,730317,Horizons Alternative,61,40.9836065574,0.706974540128
606,Coalinga-Huron Joint Unified,1031376,Coalinga High,214,36.7429906542,0.418212478921
607,Bear Valley Unified,3630290,"Chautauqua High, Cont.",33,23.9090909091,0.359212738602
608,Anaheim Union High,3030228,Anaheim High,85,43.0117647059,0.643006679294
609,West Contra Costa Unified,730325,Vista High (Alternative),11,9.0,0.870163170163
610,Kerman Unified,1033430,Kerman High,192,53.7291666667,0.604410751206
611,Sweetwater Union High,111831,Olympian High,214,65.4485981308,0.675064800415
612,Northern Humboldt Union High,1230044,"Pacific Coast High, Cont.",11,30.0,0.84499448597
613,San Jose Unified,4338950,Willow Glen High,721,57.7392510402,0.745581677036
614,Moorpark Unified,5633250,Moorpark High,1626,58.7872078721,0.518262586377
615,Northern Humboldt Union High,1230051,Tsurai High (Continuation),13,23.0,0.84499448597
616,Saddleback Valley Unified,3030244,Laguna Hills High,1139,74.049165935,0.489070883931
617,Mt. Diablo Unified,730341,"Nueva Vista High, Cont.",16,19.0,0.66013560674
618,Grossmont Union High,3734761,Mount Miguel High,225,38.9955555556,0.567637598284
619,Lodi Unified,3934759,Tokay High,974,47.3850102669,0.41589295467
620,Huntington Beach Union High,3038445,Westminster High,132,50.8106060606,0.601399900892
621,Piedmont City Unified,130286,Millennium High (Alternative),14,50.0,0.855087197935
622,Fairfield-Suisun Unified,4830451,Armijo High,481,41.1725571726,0.649664153932
623,Monterey Peninsula Unified,2735348,Seaside High,101,57.396039604,0.674866063713
624,Mt. Diablo Unified,730358,Prospect High (Continuation),37,11.1351351351,0.706974540128
625,San Ramon Valley Unified,736504,San Ramon Valley High,2445,67.8331288344,0.628745690798
626,Merced Union High,2430205,Buhach High,578,53.3166089965,0.48679338435
627,San Marcos Unified,105726,Mission Hills High,1265,65.3114624506,0.485431302545
628,Dublin Unified,138453,Valley High (Continuation),16,25.0,0.700857618296
629,San Diego County Office of Education,115972,Mesa Region Court,12,25.0,0.65646846576
630,Temecula Valley Unified,105734,Great Oak High,2312,59.7642733564,0.408742194469
631,Campbell Union High,4330759,Boynton High,48,55.875,0.780708696034
632,Sequoia Union High,4130993,Carlmont High,1354,75.211225997,0.798728472558
633,Irvine Unified,3030285,Woodbridge High,1462,67.6922024624,0.612091204127
634,San Rafael City High,2133262,San Rafael High,372,72.3629032258,0.765390856161
635,Pajaro Valley Unified,4437901,Watsonville High,48,72.75,0.788247387357
636,Liberty Union High,107797,Heritage High,1725,57.7692753623,0.571727092258
637,Lemoore Union High,1635606,Lemoore High,859,48.3527357392,0.421127512004
638,Lodi Unified,3934767,"Liberty High, Cont.",14,38.0,0.41589295467
639,Colton Joint Unified,3631322,Bloomington High,97,44.3402061856,0.760985136161
640,Azusa Unified,1930528,Azusa High,31,35.1935483871,0.461583577713
641,Chaffey Joint Union High,3630373,Etiwanda High,798,57.0401002506,0.52787952788
642,Carlsbad Unified,3731163,Carlsbad Seaside Academy,11,70.0,0.549352222947
643,Gilroy Unified,4332839,Gilroy High,315,57.2158730159,0.697410402909
644,Vista Unified,3730728,Rancho Buena Vista High,1256,66.1799363057,0.523737297133
645,Huntington Beach Union High,3034410,Marina High,1963,58.6495160469,0.482646691635
646,San Diego Unified,3732781,Henry High,1534,56.5958279009,0.645101219439
647,Chaffey Joint Union High,3634482,Ontario High,132,41.8939393939,0.673227478223
648,Porterville Unified,5434931,Strathmore High,25,68.44,0.288544358312
649,Fremont Unified,134452,Kennedy (John F.) High,478,38.7761506276,0.722321695016
650,Chico Unified,437558,Pleasant Valley High,1834,55.294438386,0.611191139281
651,Vacaville Unified,4830089,Wood (Will C.) High,1119,46.1411974978,0.533185589272
652,Mt. Diablo Unified,730424,Summit High (Continuation),11,18.0,0.66013560674
653,Oroville Union High,437566,Prospect High (Continuation),55,7.16363636364,0.387225548902
654,Fullerton Joint Union High,3030335,La Sierra High (Alt),45,15.5333333333,0.591143294806
655,Twin Rivers Unified,3433794,Grant Union High,149,34.2483221477,0.606024488027
656,Piedmont City Unified,136515,Piedmont High,743,72.9528936743,0.855087197935
657,Los Alamitos Unified,3030343,"Laurel High, Cont.",11,9.0,0.515223440825
658,Martinez Unified,730440,Vicente Martinez High,62,16.2096774194,0.73651024615
659,Shasta Union High,114231,Foothill Plus,16,25.0,0.35168792198
660,Aromas/San Juan Unified,3530060,Anzar High,200,53.51,0.673301816372
661,Eureka City Schools,1232206,Eureka Senior High,857,51.9614935823,0.640475500145
662,Santa Maria Joint Union High,102285,Pioneer Valley High,142,64.7535211268,0.488544474394
663,San Dieguito Union High,3730769,North Coast Alter. High,20,70.0,0.639365324083
664,San Jose Unified,4333795,Lincoln (Abraham) High,418,66.0358851675,0.806573310314
665,Huntington Beach Union High,3038551,"Valley Vista High, Cont.",74,9.48648648649,0.534994634553
666,Morongo Unified,3638616,Yucca Valley High,1093,38.6541628545,0.330801687764
667,Livermore Valley Joint Unified,130393,Vineyard Alternative,51,31.1176470588,0.429708222812
668,Cloverdale Unified,4930855,Cloverdale High,243,49.2469135802,0.625
669,Paso Robles Joint Unified,119354,Independence High,73,29.0,0.421278073628
670,Huntington Beach Union High,3030368,Coast High,55,45.4545454545,0.540354981437
671,Antioch Unified,730465,Deer Valley High,818,48.5342298289,0.720506845325
672,Mt. Diablo Unified,734566,Mt. Diablo High,251,32.422310757,0.702267303103
673,Palo Alto Unified,4332904,Gunn (Henry M.) High,1067,81.1124648547,0.827596198424
674,Martinez Unified,730473,Briones (Alternative),12,42.0,0.73651024615
675,Nevada Joint Union High,2930030,Sierra Mountain High,47,44.9361702128,0.486882716049
676,Anaheim Union High,3030384,Polaris High (Alternative),47,32.0638297872,0.639949943388
677,Sweetwater Union High,3730801,Castle Park Senior High,40,62.4,0.754016957886
678,Campbell Union High,4330866,Branham High,995,53.9989949749,0.722009598445
679,Placer County Office of Education,3130259,Placer County Community Schoo,65,27.6,0.466746794872
680,Santa Maria Joint Union High,4234613,Righetti (Ernest) High,1044,43.4185823755,0.43197728687
681,Chino Valley Unified,3632502,Chino High,560,40.1625,0.56642519685
682,Berkeley Unified,161143,Home/hospital and independent study,29,65.4137931034,0.95595970901
683,Saddleback Valley Unified,3030392,Trabuco Hills High,2534,62.0165745856,0.475959441779
684,Jefferson Union High,4137535,Terra Nova High,738,48.8672086721,0.814388961892
685,River Delta Joint Unified,5731708,Delta High,36,53.0,0.528655597215
686,Marysville Joint Unified,5830013,Lindhurst High,387,29.4289405685,0.366328600406
687,Apple Valley Unified,3630464,"Willow Park High, Cont.",12,8.0,0.412444444444
688,Fremont Unified,130435,Vista Alternative,14,29.0,0.722321695016
689,Livermore Valley Joint Unified,134536,Livermore High,1398,57.1995708155,0.429708222812
690,Oceanside Unified,3739018,El Camino High,1156,60.0233564014,0.506075917651
691,Garden Grove Unified,3036555,Santiago High,74,36.5675675676,0.670002021427
692,Tamalpais Union High,2131340,Sir Francis Drake High,1035,67.7961352657,0.842657342657
693,Calistoga Joint Unified,2831758,Calistoga Junior-Senior High,28,79.0,0.715970515971
694,Yucaipa-Calimesa Joint Unified,3638509,Yucaipa High,2214,46.5650406504,0.383247817085
695,Lake Elsinore Unified,107920,Lakeside High,656,49.8932926829,0.418744769874
696,Travis Unified,4838801,Vanden High,858,61.12004662,0.649664153932
697,Kern Union High,1533330,Highland High,532,44.0770676692,0.288645690834
698,Nevada Joint Union High,2930071,Silver Springs High (Continua,99,10.1111111111,0.486882716049
699,Hilmar Unified,2432409,Hilmar High,543,41.7329650092,0.595591030027
700,Orange County Department of Education,3030426,Access Juvenile Hall,34,24.4117647059,0.554275122895
701,Sweetwater Union High,3730843,Eastlake High,660,66.7742424242,0.64510460251
702,Santa Cruz City High,4437406,Soquel High,735,55.3360544218,0.646775544389
703,Kern Union High,1535392,South High,105,42.8380952381,0.608172969093
704,Garden Grove Unified,3030434,Bolsa Grande High,137,51.6788321168,0.646395958811
705,Marysville Joint Unified,5830054,Lincoln (Abraham) (Alternativ,51,21.7843137255,0.226726726727
706,Nevada Joint Union High,2930089,NU Tech High,13,0.0,0.486882716049
707,Gateway Unified,4530077,Mountain Lakes High,100,13.88,0.318652162377
708,San Jacinto Unified,3337649,"Mountain View High, Cont.",14,21.0,0.431800391389
709,San Mateo Union High,4136370,San Mateo High,400,73.35,0.805426440385
710,Martinez Unified,730549,Alhambra Senior High,929,66.1324004306,0.73651024615
711,San Jacinto Unified,3337656,San Jacinto High,489,36.6421267894,0.489327296248
712,Fullerton Joint Union High,3032505,Fullerton Un. High,829,64.5042219542,0.607724006762
713,Chino Valley Unified,3630522,Ruben S. Ayala High,1056,62.0776515152,0.56642519685
714,Carpinteria Unified,4230587,Carpinteria Senior High,186,68.4408602151,0.670029051001
715,Livermore Valley Joint Unified,130492,Phoenix High (Continuation),12,0.0,0.429708222812
716,East Side Union High,4332995,Hill (Andrew P.) High,48,46.375,0.775708680997
717,San Diego Unified,3730884,Scripps Ranch High,1526,76.6513761468,0.602946365561
718,Fremont Unified,138693,Washington High,799,47.3717146433,0.759161490683
719,Taft Union High,1535905,Taft Union High,572,43.4825174825,0.191363777571
720,Marysville Joint Unified,5830088,North Marysville Cont. Hi,51,13.5490196078,0.226726726727
721,Modesto City High,5030135,Johansen (Peter) High,577,42.7071057192,0.298161470823
722,Liberty Union High,730572,Independence High,147,35.2380952381,0.571727092258
723,River Delta Joint Unified,112078,Clarksburg Middle,31,54.7741935484,0.528655597215
724,Marysville Joint Unified,5830096,South Lindhurst Continuation,34,6.0,0.366328600406
725,Porterville Unified,5432786,Monache High,511,51.6731898239,0.288544358312
726,Placentia-Yorba Linda Unified,3030483,La Entrada High,64,51.671875,0.502101078932
727,Shasta Union High,114132,Shasta Plus,14,43.0,0.35168792198
728,Fontana Unified,3630555,Fontana Miller (A. B.) High,99,49.4242424242,0.598276322822
729,Tracy Joint Unified,114140,George and Evelyn Stein Conti,18,22.0,0.628774661119
730,Kingsburg Joint Union High,1033695,Kingsburg High,562,51.9466192171,0.350026357406
731,Wheatland Union High,5838305,Wheatland Union High,540,36.8259259259,0.2325
732,San Bernardino City Unified,3630308,San Andreas High,29,0.0,0.540065016539
733,West Contra Costa Unified,730598,Hercules High,95,44.2947368421,0.796276929513
734,Sierra Sands Unified,1531367,Burroughs High,1092,52.0906593407,0.31420233463
735,Konocti Unified,1730027,Carle (William C.) High (Cont,46,17.3695652174,0.431428571429
736,Del Norte County Unified,833004,Del Norte High,686,45.0306122449,0.407816091954
737,Saddleback Valley Unified,3030509,Mira Monte High (Alter.),14,50.0,0.475959441779
738,Petaluma Joint Union High,4935151,Petaluma High,1326,54.7081447964,0.613377434767
739,Victor Valley Union High,110064,University Preparatory,219,68.7351598174,0.447736654306
740,Red Bluff Joint Union High,5230065,Red Bluff IS High,39,16.7179487179,0.313456053928
741,San Bernardino City Unified,3634680,Pacific High,114,33.4035087719,0.563017261764
742,Mountain Valley Unified,5337407,Hayfork High,45,55.7555555556,0.449406444319
743,Tracy Joint Unified,119040,John C. Kimball High,846,54.3711583924,0.622109275731
744,Rialto Unified,3630597,Rialto High,109,31.6880733945,0.797048080953
745,Morongo Unified,3636743,Twentynine Palms High,400,41.715,0.330801687764
746,Coast Unified,4032009,Coast Union High,84,61.7857142857,0.607917958502
747,New Haven Unified,134668,James Logan High,386,42.018134715,0.816524839006
748,Corona-Norco Unified,3331600,Corona High,1172,48.7875426621,0.47779425263
749,Pleasanton Unified,130583,Amador Valley High,2218,67.0338142471,0.670665009323
750,Milpitas Unified,4331039,Calaveras Hills,11,27.0,0.761451562984
751,Carlsbad Unified,3730694,Carlsbad High,2598,62.9003079292,0.549352222947
752,Linden Unified,118307,Pride Continuation,13,23.0,0.546288209607
753,Riverside Unified,3334406,North (John W.) High,443,54.1106094808,0.6940433213
754,Anaheim Union High,3036712,Savanna High,309,33.0776699029,0.685525159022
755,Atascadero Unified,4030755,Atascadero High,1461,50.0951403149,0.472904383491
756,Mt. Diablo Unified,734764,Olympic Continuation High,25,0.0,0.641406041165
757,Capistrano Unified,3030574,Aliso Niguel High,2500,70.8268,0.504467148292
758,San Jose Unified,4337200,San Jose High,95,54.9473684211,0.824879227053
759,San Ramon Valley Unified,736819,Del Amigo High (Continuation),40,5.25,0.628745690798
760,Rocklin Unified,108084,Whitney High,1783,59.2938867078,0.451236019092
761,Escondido Union High,3732062,Escondido High,797,57.0100376412,0.513635995792
762,Fresno Unified,1035831,Roosevelt High,80,51.6125,0.73596287703
763,Oak Park Unified,5630199,"Oak View High, Cont.",12,8.0,0.679618001047
764,Chico Unified,431676,Chico High,1394,55.5681492109,0.611191139281
765,San Dieguito Union High,3731007,La Costa Canyon High,2328,63.7156357388,0.639365324083
766,Konocti Unified,1730118,Richard H. Lewis Alternative,28,21.3571428571,0.431428571429
767,Santa Rosa High,4930145,"Mesa High, Cont.",11,82.0,0.776655629139
768,Napa Valley Unified,101964,Napa Valley Alternative,41,46.2926829268,0.635677083333
769,Palo Verde Unified,3335759,Palo Verde High,380,26.9684210526,0.466775599129
770,Santa Barbara Unified,120402,Alta Vista Alternative High,29,51.9655172414,0.824541284404
771,Sacramento City Unified,101972,Rosemont High,605,49.0628099174,0.620729256388
772,Grossmont Union High,3730702,West Hills High,2044,52.6731898239,0.371937452964
773,Anaheim Union High,3030616,Oxford Academy,93,95.8494623656,0.555395524042
774,Pacific Grove Unified,2733657,Pacific Grove High,425,65.1247058824,0.745062037501
775,San Luis Coastal Unified,4030045,Pacific Beach High,20,25.0,0.674925097949
776,Ceres Unified,108076,Central Valley High,336,35.4226190476,0.549878345499
777,Dublin Unified,132704,Dublin High,1023,60.9022482893,0.700857618296
778,Lincoln Unified,3933793,"Larsson (Sture) High, Cont.",27,29.4444444444,0.594881537774
779,Kern Union High,1533538,Kern Valley High,457,28.0940919037,0.254545454545
780,Laytonville Unified,2332260,Laytonville High,41,39.7804878049,0.729838709677
781,Colton Joint Unified,3632742,Colton High,346,36.1242774566,0.621570090359
782,Orange County Department of Education,3030632,OCCS:CHEP/PCHS,319,54.6426332288,0.47624178429
783,Lincoln Unified,3933801,Lincoln High,1133,54.5957634598,0.594881537774
784,Gilroy Unified,118380,Christopher High,698,54.4169054441,0.697410402909
785,Fullerton Joint Union High,3033362,La Habra High,817,59.6621787026,0.532154474935
786,San Juan Unified,3432051,Del Campo High,1883,39.0690387679,0.486412512219
787,Lake Elsinore Unified,116343,Keith McCarthy Academy,46,10.652173913,0.418744769874
788,Barstow Unified,3630712,Central High (Continuation),51,10.0,0.488238562697
789,Davis Joint Unified,6060396,Holmes (Oliver Wendell),284,77.8274647887,0.521778584392
790,Eureka City Schools,1275515,Home/hospital and independent study,26,42.3076923077,0.640475500145
791,Santa Rosa High,4935292,Piner High,291,41.8144329897,0.723734225331
792,Sweetwater Union High,116350,Bounce Back Independent Study,32,19.0,0.754016957886
793,Apple Valley Unified,3631009,High Desert Premier Academy,115,8.66086956522,0.412444444444
794,Irvine Unified,3030657,Northwood High,942,65.9140127389,0.627551020408
795,Moreno Valley Unified,3333762,March Mountain High,12,25.0,0.600726019361
796,Oxnard Union High,5631619,Camarillo (Adolfo) High,1610,70.9670807453,0.524601734221
797,Turlock Unified,5037700,Turlock High,1106,54.2486437613,0.616432613708
798,Oakdale Joint Unified,5035654,Oakdale High,1348,58.9443620178,0.381089459699
799,Merced Union High,2430601,Atwater High,424,52.0778301887,0.48679338435
800,Moreno Valley Unified,3333770,Moreno Valley High,108,36.1481481481,0.600726019361
801,Desert Sands Unified,3330669,La Quinta High,1340,61.5679104478,0.441717002956
802,Tulare Joint Union High,116368,Mission Oak High,509,46.5854616896,0.509095204347
803,Fontana Unified,3630019,"Birch High, Cont.",14,21.0,0.598276322822
804,Hesperia Unified,3630746,Sultana High,1076,46.6933085502,0.346627880273
805,San Mateo Union High,4134557,Mills High,245,63.1469387755,0.766854127612
806,Vista Unified,118430,Mission Vista High,854,61.2131147541,0.523737297133
807,Fontana Unified,108191,Summit High,280,44.1928571429,0.598276322822
808,San Juan Unified,3430048,Mesa Verde High,851,29.0211515864,0.452056425213
809,Los Angeles Unified,1939107,Verdugo Hills Senior High,746,48.8512064343,0.645780856423
810,Oceanside Unified,3735206,Oceanside High,683,54.1991215227,0.585771868293
811,Kern Union High,116392,Independence High,654,46.9694189602,0.815833333333
812,Humboldt County Office of Education,106153,Eel River Community,14,7.0,0.640475500145
813,Valley Center-Pauma Unified,3731114,Valley Center High,812,63.4384236453,0.406335549472
814,Kern Union High,116400,Mira Monte High,48,31.1875,0.568197553658
815,Humboldt County Office of Education,106161,Eureka Community,40,15.0,0.640475500145
816,Live Oak Unified,5135256,Live Oak High,121,47.2892561983,0.486523370863
817,Redlands Unified,3630779,Redlands East Valley High,1279,52.8991399531,0.560438237419
818,Tamalpais Union High,2133692,Tamalpais High,1269,64.5839243499,0.896343306135
819,Gateway Unified,4531901,Central Valley High,750,33.068,0.318652162377
820,Murrieta Valley Unified,102079,Tenaja Canyon Academy,17,65.0,0.408031308491
821,Napa Valley Unified,2830016,Vintage High,1017,51.0422812193,0.635677083333
822,Lodi Unified,108225,Ronald E. McNair High,76,39.3289473684,0.568053440739
823,Victor Valley Union High,3630787,Silverado High,487,33.1190965092,0.562874603361
824,El Dorado Union High,930081,Oak Ridge High,2365,69.9691331924,0.455197962491
825,Cotati-Rohnert Park Unified,4930046,El Camino High,23,17.0,0.729064800041
826,Lakeport Unified,1732304,Clear Lake High,350,54.5371428571,0.539069359087
827,Antioch Unified,117218,Dozier-Libbey Medical High,202,53.0594059406,0.720506845325
828,Anaheim Union High,3032786,"Gilbert High, Cont.",36,8.16666666667,0.639949943388
829,Barstow Unified,3630803,Barstow High,563,33.7886323268,0.488238562697
830,Conejo Valley Unified,5633748,Newbury Park High,2414,67.1056338028,0.493549203137
831,Kelseyville Unified,1734359,Kelseyville High,436,35.9013761468,0.532676348548
832,Tracy Joint Unified,3938008,Tracy High,993,45.6022155086,0.628774661119
833,Fresno Unified,1031897,Edison High,299,72.9397993311,0.443277310924
834,Hesperia Unified,3630811,Shadow Ridge,11,9.0,0.346627880273
835,Lodi Unified,3930377,Henderson Community Day,27,7.22222222222,0.501566784175
836,Julian Union High,3733219,Julian High,122,61.8852459016,0.467741935484
837,Capistrano Unified,3030756,Tesoro,2530,71.6320158103,0.436565696302
838,Plumas Unified,3233509,Greenville Junior/Senior,23,48.2173913043,0.413793103448
839,Cabrillo Unified,4132817,Half Moon Bay High,635,64.7212598425,0.779235816287
840,Fairfield-Suisun Unified,4833000,Fairfield High,195,43.5846153846,0.649664153932
841,Templeton Unified,4030185,Templeton Indep. St. High,66,50.696969697,0.457703927492
842,Roseville Joint Union High,116459,Antelope High,1360,51.4441176471,0.514728477984
843,Orange County Department of Education,3030764,Access County Community,387,19.7751937984,0.554275122895
844,Antioch Unified,730861,Antioch High,672,35.4449404762,0.671317619435
845,Lucia Mar Unified,4030557,Arroyo Grande High,1777,62.4068655037,0.530927105449
846,Nevada Joint Union High,112367,William & Marian Ghidotti Hig,182,84.3736263736,0.486882716049
847,Antelope Valley Union High,100081,William J. (Pete) Knight High,341,42.2903225806,0.55445193331
848,Sequoia Union High,4136693,Sequoia High,839,76.0345649583,0.786446020489
849,Rialto Unified,102830,Wilmer Amina Carter High,281,48.2491103203,0.666440562998
850,Chaffey Joint Union High,3630845,Chaffey Community Day,34,26.5882352941,0.740069892208
851,Oxnard Union High,5631742,Channel Islands High,16,56.0,0.593989852999
852,John Swett Unified,737023,John Swett High,83,56.4096385542,0.820858214137
853,Manteca Unified,3930310,Sierra High,666,45.0315315315,0.507855822551
854,Fremont Union High,4333316,Homestead High,1319,69.5572403336,0.810852120749
855,Linden Unified,3933959,Linden High,481,48.6216216216,0.871118012422
856,Central Union High,1333004,Central Union High,58,74.1206896552,0.660288270378
857,West Contra Costa Unified,732941,El Cerrito Senior High,326,54.782208589,0.889901823282
858,Alameda City Unified,132878,Encinal High,263,55.3498098859,0.891270112975
859,Escondido Union High,3735313,Orange Glen High,364,44.4450549451,0.369605142332
860,Huntington Beach Union High,3030806,HBUHSD Community Day,22,13.5,0.601399900892
861,Delano Joint Union High,1531672,Delano High,11,73.0,0.800452147702
862,Elk Grove Unified,3430170,Valley High,43,46.3488372093,0.810262114997
863,Newport-Mesa Unified,3034907,Back Bay High (Cont.),42,26.0,0.47624178429
864,Benicia Unified,4831004,Benicia High,1247,59.5589414595,0.689301416707
865,San Diego Unified,107482,San Diego Metro Career and Te,38,76.3684210526,0.63646714996
866,Washington Unified,5730080,W Sacto Sch/Indp Study,13,62.0,0.66942877292
867,Gridley Unified,433953,Gridley High,360,50.5361111111,0.38407079646
868,Ramona City Unified,102178,Future Bound Independent Stud,18,17.0,0.315043052507
869,Napa Valley Unified,2830115,New Technology High,269,60.8066914498,0.693938949222
870,Perris Union High,3335973,Perris,55,48.1636363636,0.624669797476
871,Grossmont Union High,3737905,Santana High,1420,57.9492957746,0.371937452964
872,San Dieguito Union High,3737384,"Sunset High, Cont.",55,40.0909090909,0.639365324083
873,San Luis Obispo County Office of Educati,4030250,San Luis Obispo County Commun,105,18.0,0.674925097949
874,Woodland Joint Unified,5738802,Woodland Senior High,567,46.164021164,0.655936454849
875,Apple Valley Unified,3630894,Granite Hills High,940,34.8957446809,0.285087719298
876,Davis Joint Unified,5730098,Davis Independent Study,25,60.08,0.521778584392
877,Redlands Unified,3634995,"Orangewood High, Cont.",45,13.5111111111,0.560438237419
878,Santa Barbara Unified,4235230,San Marcos Senior High,861,67.1416957027,0.730465874435
879,Fontana Unified,3630902,Kaiser (Henry J.) High,142,35.2183098592,0.782992589478
880,East Side Union High,4334900,Mt. Pleasant High,48,69.0625,0.790654620853
881,Cotati-Rohnert Park Unified,4935482,Rancho Cotate High,932,45.7027896996,0.729064800041
882,Lemoore Union High,1630011,"Jamison (Donald C.) High, Cont",13,38.0,0.421127512004
883,Lucia Mar Unified,4030268,Nipomo High,723,50.9972337483,0.448065173116
884,Escondido Union High,3730058,San Pasqual High,1354,62.0598227474,0.515933646186
885,Sanger Unified,1036094,Sanger High,422,48.0710900474,0.374449339207
886,Gilroy Unified,114496,Dr. T. J. Owens Gilroy Early,112,91.0267857143,0.697410402909
887,Placentia-Yorba Linda Unified,119404,Yorba Linda High,1614,75.790582404,0.502101078932
888,Napa Valley Unified,2830149,Valley Oak High,24,8.0,0.635677083333
889,Fullerton Joint Union High,3030855,Buena Park High,166,51.1746987952,0.624969158648
890,Desert Sands Unified,114504,Summit High (Continuation),22,18.0,0.441717002956
891,Ojai Unified,5631817,"Chaparral High, Cont.",22,4.5,0.733727810651
892,San Dieguito Union High,3737418,San Dieguito High Academy,1621,61.5175817397,0.639365324083
893,Saddleback Valley Unified,3034956,Mission Viejo High,2171,66.6549976969,0.475959441779
894,Lake Tahoe Unified,937805,South Tahoe High,704,56.7159090909,0.64748427673
895,Atascadero Unified,4030151,Del Rio Continuation High,36,8.0,0.472904383491
896,Mendocino County Office of Education,2330447,Mendocino County,33,9.39393939394,0.634938728983
897,Mojave Unified,114512,California City High,176,37.0170454545,0.391441157961
898,Ceres Unified,5030200,"Argus High, Cont.",66,7.63636363636,0.549878345499
899,San Dieguito Union High,106328,Canyon Crest Academy,1967,73.7834265379,0.639365324083
900,Yuba City Unified,5130075,Yuba City Unified Alter.,31,22.4193548387,0.402011581835
901,Natomas Unified,102236,Inderkum High,226,41.7566371681,0.673297678059
902,Manteca Unified,3932001,East Union High,750,39.936,0.507855822551
903,Redlands Unified,3635042,Redlands Senior High,1171,55.4987190436,0.560438237419
904,Poway Unified,3735867,Poway High,2226,70.2708894879,0.473045822102
905,River Delta Joint Unified,4835302,Rio Vista High,279,43.7096774194,0.542412270509
906,Kern Union High,100198,Golden Valley High,208,40.9807692308,0.568197553658
907,Davis Joint Unified,5732201,Davis Senior High,1212,67.5280528053,0.521778584392
908,Anderson Union High,4530028,West Valley High,1023,49.7966764418,0.244873046875
909,Rialto Unified,3633005,Eisenhower Senior High,62,49.8387096774,0.797048080953
910,Huntington Beach Union High,3032943,Huntington Beach High,2318,65.7860224331,0.452202878512
911,Northern Humboldt Union High,1230705,Arcata High,600,55.8383333333,0.84499448597
912,Sacramento City Unified,114546,School of Engineering & Scien,23,69.7391304348,0.746039824416
913,Twin Rivers Unified,3430261,Pacific Career/Tech High Cont.,15,7.0,0.512501104338
914,Firebaugh-Las Deltas Joint Unified,1030121,Firebaugh High,27,63.0,0.395764394441
915,Modesto City High,5031802,Thomas Downey High,862,45.307424594,0.503361941726
916,San Diego Unified,3730751,Mt. Everest Academy,64,73.296875,0.604657849339
917,Shasta Union High,4530044,Foothill High,1290,58.6248062016,0.245927075252
918,San Juan Unified,3432317,El Camino Fundamental High,1517,50.5833882663,0.613677778969
919,Newman-Crows Landing Unified,5035902,Orestimba High,258,42.5891472868,0.523248969982
920,Twin Rivers Unified,3434370,Highlands High,323,36.8204334365,0.512501104338
921,Anderson Union High,4530051,Oakview High (Alternative),53,24.4716981132,0.253796337651
922,Maxwell Unified,634758,Maxwell High,47,65.829787234,0.327423167849
923,Temecula Valley Unified,3330370,Temecula Valley High,1956,54.6319018405,0.408742194469
924,Oceanside Unified,3739026,Ocean Shores High (Continuati,16,19.0,0.555733120256
925,Maricopa Unified,1533843,Maricopa High,38,23.6842105263,0.425326818962
926,Placer Union High,102293,Foresthill High,237,38.0168776371,0.669291338583
927,Tahoe-Truckee Joint Unified,3130010,North Tahoe High,238,55.5546218487,0.738916256158
928,Antioch Unified,110494,Bidwell Continuation High,14,21.0,0.671317619435
929,Alameda City Unified,106401,Alameda Science and Technolog,11,91.0,0.891270112975
930,Fullerton Joint Union High,3037090,Sonora High,656,58.375,0.532154474935
931,Newport-Mesa Unified,3035045,Newport Harbor High,2038,66.8449460255,0.47624178429
932,San Juan Unified,3438504,San Juan High,374,23.3823529412,0.501066821841
933,Chino Valley Unified,3631017,Chino Hills High,1365,56.2915750916,0.56642519685
934,Hesperia Unified,3630407,Hesperia High,470,36.0510638298,0.346627880273
935,Middletown Unified,1736008,Middletown High,493,38.4847870183,0.49872611465
936,San Mateo Union High,4130738,Capuchino High,352,56.5284090909,0.773506840174
937,West Sonoma County Union High,4931507,El Molino High,651,53.8817204301,0.739003936334
938,Gateway Unified,4530101,Shasta Lake Alternative,12,58.0,0.318652162377
939,Fontana Unified,120758,Jurupa Hills High,129,44.0930232558,0.782992589478
940,Santa Rosa High,4935607,"Ridgway High, Cont.",44,33.5,0.776655629139
941,Madera Unified,2035640,Furman (Duane E.) High (Indep,12,50.0,0.589822329458
942,Acalanes Union High,731125,Campolindo High,1244,70.4469453376,0.704480874317
943,Lodi Unified,3930443,Middle College High,13,92.0,0.594881537774
944,Stockton Unified,3932100,Edison High,22,31.5,0.651608986035
945,Hanford Joint Union High,1634245,"Johnson High, Continuation",16,25.0,0.41235459286
946,Corcoran Joint Unified,1632207,Corcoran High,93,46.2258064516,0.573102678571
947,Elk Grove Unified,3430352,"Las Flores High, Alt.",27,61.2592592593,0.810262114997
948,San Diego Unified,3730231,Twain High,37,24.4594594595,0.63646714996
949,Chaffey Joint Union High,3631058,Los Osos High,1738,62.6311852704,0.432260912753
950,Fowler Unified,1032150,Fowler High,44,75.3636363636,0.46937099688
951,Alvord Unified,3330008,La Sierra High,716,46.5055865922,0.641564318035
952,Hanford Joint Union High,1630169,Hanford West High,546,39.5201465201,0.41235459286
953,Bear Valley Unified,3631066,Big Bear High,634,45.3233438486,0.359212738602
954,Irvine Unified,3035102,University High,1331,68.9068369647,0.631859982201
955,Petaluma Joint Union High,4935862,San Antonio High (Continuatio,25,23.64,0.613377434767
956,Morgan Hill Unified,102368,Ann Sobrato High,866,52.4468822171,0.62508259548
957,Anaheim Union High,3033057,Katella High,213,48.338028169,0.570533680443
958,Washington Unified,1038306,Washington High,119,36.974789916,0.443277310924
959,Fresno Unified,1034214,McLane High,128,27.5625,0.638969873664
960,Riverside Unified,3330024,Arlington High,695,44.0431654676,0.512108731466
961,Le Grand Union High,2433001,Le Grand High,12,42.0,0.361397479954
962,Center Joint Unified,3430378,Center High,759,59.7233201581,0.514728477984
963,San Mateo Union High,4130472,Burlingame High,988,71.1406882591,0.771918338194
964,Novato Unified,2132272,Novato High,1089,63.4554637282,0.740899191039
965,Modoc Joint Unified,2535409,Modoc High,221,42.0452488688,0.263610315186
966,San Juan Unified,3430386,El Sereno Alternative Educati,73,42.2602739726,0.486412512219
967,San Rafael City High,2134005,Terra Linda High,663,68.7496229261,0.815808609657
968,San Bernardino City Unified,3632809,Sierra High,13,0.0,0.743398985121
969,Madera Unified,2035707,Madera High,510,46.5882352941,0.589822329458
